{
  "@id": "https://data.datatourisme.fr/30/0433b059-f7de-341a-b9c1-de11210888a0",
  "dc:identifier": "FMANOR027V50RXWH",
  "schema:endDate": [
    "2025-08-10"
  ],
  "schema:startDate": [
    "2025-08-02"
  ],
  "@type": [
    "schema:Event",
    "ChildrensEvent",
    "CulturalEvent",
    "EntertainmentAndEvent",
    "PointOfInterest"
  ],
  "rdfs:label": {
    "en": [
      "Fête foraine Saint-Sauveur"
    ],
    "fr": [
      "Fête foraine Saint-Sauveur"
    ]
  },
  "creationDate": "2025-07-01",
  "hasBeenCreatedBy": {
    "@id": "https://data.datatourisme.fr/30/bbee0661-bbd0-35d8-bfc3-bbc1bd407d55",
    "dc:identifier": "930b5178-036d-46ae-8a2c-aa4de39904fe",
    "schema:address": [
      {
        "@id": "https://data.datatourisme.fr/f7786d65-e0ae-3230-a6f5-7c5904b61e50",
        "schema:addressLocality": "Vernon",
        "schema:postalCode": "27200",
        "schema:streetAddress": [
          "12 rue du Pont"
        ],
        "@type": [
          "schema:PostalAddress",
          "PostalAddress"
        ],
        "hasAddressCity": {
          "@id": "kb:27681",
          "@type": [
            "City"
          ],
          "rdfs:label": {
            "de": [
              "Vernon"
            ],
            "pt": [
              "Vernon"
            ],
            "en": [
              "Vernon"
            ],
            "it": [
              "Vernon"
            ],
            "fr": [
              "Vernon"
            ],
            "nl": [
              "Vernon"
            ],
            "es": [
              "Vernon"
            ]
          },
          "insee": "27681",
          "isPartOfDepartment": {
            "@id": "kb:France2827",
            "@type": [
              "Department"
            ],
            "rdfs:label": {
              "de": [
                "Eure"
              ],
              "pt": [
                "Eure"
              ],
              "en": [
                "Eure"
              ],
              "it": [
                "Eure"
              ],
              "fr": [
                "Eure"
              ],
              "nl": [
                "Eure"
              ],
              "es": [
                "Eure"
              ]
            },
            "insee": "27",
            "isPartOfRegion": {
              "@id": "kb:France28",
              "@type": [
                "Region"
              ],
              "rdfs:label": {
                "de": [
                  "Normandie"
                ],
                "pt": [
                  "Normandie"
                ],
                "en": [
                  "Normandie"
                ],
                "it": [
                  "Normandie"
                ],
                "fr": [
                  "Normandie"
                ],
                "nl": [
                  "Normandie"
                ],
                "es": [
                  "Normandie"
                ]
              },
              "insee": "28",
              "isPartOfCountry": {
                "@id": "kb:France",
                "@type": [
                  "schema:Country"
                ],
                "rdfs:label": {
                  "de": [
                    "France",
                    "Frankreich"
                  ],
                  "pt": [
                    "França",
                    "France"
                  ],
                  "en": [
                    "France"
                  ],
                  "it": [
                    "France",
                    "Francia"
                  ],
                  "fr": [
                    "France"
                  ],
                  "nl": [
                    "France",
                    "Frankrijk"
                  ],
                  "es": [
                    "France",
                    "Francia"
                  ]
                }
              }
            }
          }
        }
      }
    ],
    "schema:email": [
      "information@tourisme.sna27.fr"
    ],
    "schema:legalName": "Office de Tourisme Seine Normandie Agglomération",
    "schema:telephone": [
      "+33 2 32 51 39 60"
    ],
    "@type": [
      "schema:Organization",
      "foaf:Agent",
      "Agent"
    ]
  },
  "hasBeenPublishedBy": [
    {
      "@id": "https://data.datatourisme.fr/adce4411-0f8d-3138-8d32-b8eb71125ab5",
      "schema:email": [
        "l.helbert@normandie-tourisme.fr"
      ],
      "schema:legalName": "Normandie Tourisme",
      "@type": [
        "schema:Organization",
        "foaf:Agent",
        "Agent"
      ],
      "foaf:homepage": [
        "https://www.normandie-tourisme.fr/"
      ]
    }
  ],
  "hasContact": [
    {
      "@id": "https://data.datatourisme.fr/e77a8be3-0e92-3ba7-84eb-72c838d28151",
      "schema:telephone": [
        "+33 6 98 20 55 94"
      ],
      "@type": [
        "foaf:Agent",
        "Agent"
      ]
    }
  ],
  "hasDescription": [
    {
      "@id": "https://data.datatourisme.fr/972b01b4-ecaf-3753-a4f0-52232c76b719",
      "dc:description": {
        "de": [
          "Neun Tage lang wird der Quai Grimoult zum Leben erweckt, zur Freude von Groß und Klein! Karussells, festliche Veranstaltungen, Nachtmarkt, farbenfroher Umzug, Maskottchen, Podien? und nicht zu vergessen ein Feuerwerk zum Abschluss!\n\nHöhepunkte, die Sie nicht verpassen sollten:\n- Samstag, 2. August, 14.30 Uhr: Offizielle Eröffnung\nUm 18:30 Uhr: Nachtmarkt\n- Sonntag, 3. August, 16 Uhr: Brasilianische Parade\n- Montag, 4. August: Podium der Kinder und Jugendlichen\n- Donnerstag, 7. August: Podium der Erwachsenen\n- Freitag, 8. August: Anwesenheit der Maskottchen\n- Samstag, 9. August: Außergewöhnlicher Auftritt von Passe-Partout um 15 Uhr\nUm 18:30 Uhr: Nachtmarkt\n- Sonntag, 10. August um 23 Uhr: Feuerwerk\n\nJeder Tag hält eine Reihe von Überraschungen bereit. Tanken Sie gute Laune am Ufer der Seine!"
        ],
        "en": [
          "For nine days, the Quai Grimoult comes alive to the delight of young and old alike! Rides, festive entertainment, night market, colorful parade, mascots, podiums? not forgetting a fireworks finale!\n\nHighlights not to be missed\n- Saturday, August 2, 2:30 p.m.: Official opening\n6:30pm: Night market\n- Sunday, August 3, 4pm: Brazilian parade\n- Monday, August 4: Children's and teens' podium\n- Thursday, August 7: adult podium\n- Friday, August 8: Mascots\n- Saturday, August 9: special appearance by Passe-Partout at 3pm\n6:30pm: Night market\n- Sunday, August 10, 11pm: Fireworks display\n\nEvery day brings its own surprises. Come and fill up on good cheer on the banks of the Seine!"
        ],
        "it": [
          "Per nove giorni, il Quai Grimoult si anima per la gioia di grandi e piccini! Giostre, animazioni festive, un mercato notturno, una sfilata colorata, mascotte, podi... senza dimenticare lo spettacolo pirotecnico finale!\n\nGli eventi principali da non perdere:\n- Sabato 2 agosto ore 14.30: apertura ufficiale\n18.30: Mercato notturno\n- Domenica 3 agosto alle 16.00: sfilata brasiliana\n- Lunedì 4 agosto: podio dei bambini e degli adolescenti\n- Giovedì 7 agosto: podio degli adulti\n- Venerdì 8 agosto: Mascotte\n- Sabato 9 agosto: apparizione speciale di Passe-Partout alle 15.00\n18.30: mercato notturno\n- Domenica 10 agosto alle 23.00: spettacolo pirotecnico\n\nOgni giorno riserva delle sorprese. Venite a fare il pieno di buonumore sulle rive della Senna!"
        ],
        "fr": [
          "Pendant neuf jours, le quai Grimoult s’anime pour le plus grand bonheur des petits et des grands ! Manèges, animations festives, marché nocturne, défilé coloré, mascottes, podiums… sans oublier un feu d’artifice en clôture !\n\nTemps forts à ne pas manquer :\n- Samedi 2 août à 14h30 : ouverture officielle\nA 18h30 : Marché nocturne\n- Dimanche 3 août à 16h : parade brésilienne\n- Lundi 4 août : podium des enfants et ados\n- Jeudi 7 août : podium des adultes\n- Vendredi 8 août : présence des mascottes \n- Samedi 9 août : présence exceptionnelle de Passe-Partout à 15h\nA 18h30 : Marché nocturne\n- Dimanche 10 août à 23h : feu d’artifice\n\nChaque jour réserve son lot de surprises. Venez faire le plein de bonne humeur en bord de Seine !"
        ],
        "nl": [
          "Negen dagen lang komt de Quai Grimoult tot leven, tot groot genoegen van jong en oud! Draaimolens, feestelijk entertainment, een avondmarkt, een kleurrijke parade, mascottes, podia... en niet te vergeten een vuurwerk aan het einde!\n\nHoogtepunten die je niet mag missen:\n- Zaterdag 2 augustus om 14.30 uur: Officiële opening\n18.30 uur: Nachtmarkt\n- Zondag 3 augustus om 16.00 uur: Braziliaanse parade\n- Maandag 4 augustus: kinder- en tienerpodium\n- Donderdag 7 augustus: podium voor volwassenen\n- Vrijdag 8 augustus: mascottes\n- Zaterdag 9 augustus: speciaal optreden van Passe-Partout om 15.00 uur\n18.30 uur: avondmarkt\n- Zondag 10 augustus om 23.00 uur: vuurwerk\n\nElke dag heeft zijn eigen verrassingen in petto. Kom gezellig bijtanken aan de oevers van de Seine!"
        ],
        "es": [
          "Durante nueve días, el Quai Grimoult cobra vida para deleite de grandes y pequeños Atracciones, animaciones festivas, mercado nocturno, desfile multicolor, mascotas, podios... ¡sin olvidar los fuegos artificiales del final!\n\nNo se lo pierda:\n- Sábado 2 de agosto a las 14.30 h: inauguración oficial\n18.30 h: Mercado nocturno\n- Domingo 3 de agosto a las 16:00: desfile brasileño\n- Lunes 4 de agosto: podio infantil y juvenil\n- Jueves 7 de agosto: podio de los adultos\n- Viernes 8 de agosto: Mascotas\n- Sábado 9 de agosto: aparición especial de Passe-Partout a las 15.00 horas\n18.30 h: mercado nocturno\n- Domingo 10 de agosto a las 23:00 h: espectáculo de fuegos artificiales\n\nCada día tiene sus sorpresas. Venga a llenarse de buen humor a orillas del Sena"
        ]
      },
      "@type": [
        "Description"
      ],
      "hasTranslatedProperty": [
        {
          "@id": "https://data.datatourisme.fr/27fc17ee-a996-3dcf-89b5-9a0f903b5554",
          "dc:contributor": [
            "https://api.deepl.com/v2/translate"
          ],
          "rdf:language": [
            "en"
          ],
          "rdf:predicate": [
            {
              "@id": "dc:description"
            }
          ]
        },
        {
          "@id": "https://data.datatourisme.fr/52afd91e-9c0b-34eb-adab-86247a2eb794",
          "dc:contributor": [
            "https://api.deepl.com/v2/translate"
          ],
          "rdf:language": [
            "de"
          ],
          "rdf:predicate": [
            {
              "@id": "dc:description"
            }
          ]
        },
        {
          "@id": "https://data.datatourisme.fr/578b4cde-a70d-33aa-8901-e8c69587f72c",
          "dc:contributor": [
            "https://api.deepl.com/v2/translate"
          ],
          "rdf:language": [
            "it"
          ],
          "rdf:predicate": [
            {
              "@id": "dc:description"
            }
          ]
        },
        {
          "@id": "https://data.datatourisme.fr/5e025dac-fc79-37d6-9c2e-4707baa88fa4",
          "dc:contributor": [
            "https://api.deepl.com/v2/translate"
          ],
          "rdf:language": [
            "nl"
          ],
          "rdf:predicate": [
            {
              "@id": "dc:description"
            }
          ]
        },
        {
          "@id": "https://data.datatourisme.fr/a385c50e-6ec5-3720-8a18-bc88c5c14940",
          "dc:contributor": [
            "https://api.deepl.com/v2/translate"
          ],
          "rdf:language": [
            "es"
          ],
          "rdf:predicate": [
            {
              "@id": "dc:description"
            }
          ]
        }
      ]
    }
  ],
  "isLocatedAt": [
    {
      "@id": "https://data.datatourisme.fr/18c448d0-0429-3dca-93b2-9fe267ade6a4",
      "schema:address": [
        {
          "@id": "https://data.datatourisme.fr/fd651cbd-5bab-3f43-a134-252a1b616b21",
          "schema:addressLocality": "Les Andelys",
          "schema:postalCode": "27700",
          "schema:streetAddress": [
            "Quai Grimoult"
          ],
          "@type": [
            "schema:PostalAddress",
            "PostalAddress"
          ],
          "hasAddressCity": {
            "@id": "kb:27016",
            "@type": [
              "City"
            ],
            "rdfs:label": {
              "de": [
                "Les Andelys"
              ],
              "pt": [
                "Les Andelys"
              ],
              "en": [
                "Les Andelys"
              ],
              "it": [
                "Les Andelys"
              ],
              "fr": [
                "Les Andelys"
              ],
              "nl": [
                "Les Andelys"
              ],
              "es": [
                "Les Andelys"
              ]
            },
            "insee": "27016",
            "isPartOfDepartment": {
              "@id": "kb:France2827",
              "@type": [
                "Department"
              ],
              "rdfs:label": {
                "de": [
                  "Eure"
                ],
                "pt": [
                  "Eure"
                ],
                "en": [
                  "Eure"
                ],
                "it": [
                  "Eure"
                ],
                "fr": [
                  "Eure"
                ],
                "nl": [
                  "Eure"
                ],
                "es": [
                  "Eure"
                ]
              },
              "insee": "27",
              "isPartOfRegion": {
                "@id": "kb:France28",
                "@type": [
                  "Region"
                ],
                "rdfs:label": {
                  "de": [
                    "Normandie"
                  ],
                  "pt": [
                    "Normandie"
                  ],
                  "en": [
                    "Normandie"
                  ],
                  "it": [
                    "Normandie"
                  ],
                  "fr": [
                    "Normandie"
                  ],
                  "nl": [
                    "Normandie"
                  ],
                  "es": [
                    "Normandie"
                  ]
                },
                "insee": "28",
                "isPartOfCountry": {
                  "@id": "kb:France",
                  "@type": [
                    "schema:Country"
                  ],
                  "rdfs:label": {
                    "de": [
                      "France",
                      "Frankreich"
                    ],
                    "pt": [
                      "França",
                      "France"
                    ],
                    "en": [
                      "France"
                    ],
                    "it": [
                      "France",
                      "Francia"
                    ],
                    "fr": [
                      "France"
                    ],
                    "nl": [
                      "France",
                      "Frankrijk"
                    ],
                    "es": [
                      "France",
                      "Francia"
                    ]
                  }
                }
              }
            }
          }
        }
      ],
      "schema:geo": {
        "@id": "https://data.datatourisme.fr/fb9f3ca1-21a7-3938-8743-7243ba68cb10",
        "schema:latitude": "49.2426423",
        "schema:longitude": "1.3984171",
        "@type": [
          "schema:GeoCoordinates"
        ]
      },
      "schema:openingHoursSpecification": [
        {
          "@id": "https://data.datatourisme.fr/754c4743-8170-3cdc-afcb-7c6bb4707e9f",
          "schema:dayOfWeek": [
            {
              "@id": "schema:Friday",
              "@type": [
                "schema:DayOfWeek"
              ],
              "rdfs:label": {
                "de": [
                  "Freitag"
                ],
                "pt": [
                  "Sexta-feira"
                ],
                "en": [
                  "Friday"
                ],
                "it": [
                  "Venerdì"
                ],
                "fr": [
                  "Vendredi"
                ],
                "nl": [
                  "Vrijdag"
                ],
                "es": [
                  "Viernes"
                ]
              }
            },
            {
              "@id": "schema:Monday",
              "@type": [
                "schema:DayOfWeek"
              ],
              "rdfs:label": {
                "de": [
                  "Montag"
                ],
                "pt": [
                  "Segunda-feira"
                ],
                "en": [
                  "Monday"
                ],
                "it": [
                  "Lunedì"
                ],
                "fr": [
                  "Lundi"
                ],
                "nl": [
                  "Maandag"
                ],
                "es": [
                  "Lunes"
                ]
              }
            },
            {
              "@id": "schema:Saturday",
              "@type": [
                "schema:DayOfWeek"
              ],
              "rdfs:label": {
                "de": [
                  "Samstag"
                ],
                "pt": [
                  "Sábado"
                ],
                "en": [
                  "Saturday"
                ],
                "it": [
                  "Sabato"
                ],
                "fr": [
                  "Samedi"
                ],
                "nl": [
                  "Zaterdag"
                ],
                "es": [
                  "Sábado"
                ]
              }
            },
            {
              "@id": "schema:Sunday",
              "@type": [
                "schema:DayOfWeek"
              ],
              "rdfs:label": {
                "de": [
                  "Sonntag"
                ],
                "pt": [
                  "Domingo"
                ],
                "en": [
                  "Sunday"
                ],
                "it": [
                  "Domenica"
                ],
                "fr": [
                  "Dimanche"
                ],
                "nl": [
                  "Zondag"
                ],
                "es": [
                  "Domingo"
                ]
              }
            },
            {
              "@id": "schema:Thursday",
              "@type": [
                "schema:DayOfWeek"
              ],
              "rdfs:label": {
                "de": [
                  "Donnerstag"
                ],
                "pt": [
                  "Quinta-feira"
                ],
                "en": [
                  "Thursday"
                ],
                "it": [
                  "Giovedì"
                ],
                "fr": [
                  "Jeudi"
                ],
                "es": [
                  "Jueves"
                ],
                "nl": [
                  "Donderdag"
                ]
              }
            },
            {
              "@id": "schema:Tuesday",
              "@type": [
                "schema:DayOfWeek"
              ],
              "rdfs:label": {
                "de": [
                  "Dienstag"
                ],
                "pt": [
                  "Terça-feira"
                ],
                "en": [
                  "Tuesday"
                ],
                "it": [
                  "Martedì"
                ],
                "fr": [
                  "Mardi"
                ],
                "es": [
                  "Martes"
                ],
                "nl": [
                  "Dinsdag"
                ]
              }
            },
            {
              "@id": "schema:Wednesday",
              "@type": [
                "schema:DayOfWeek"
              ],
              "rdfs:label": {
                "de": [
                  "Mittwoch"
                ],
                "pt": [
                  "Quarta-feira"
                ],
                "en": [
                  "Wednesday"
                ],
                "it": [
                  "Mercoledì"
                ],
                "fr": [
                  "Mercredi"
                ],
                "nl": [
                  "Woensdag"
                ],
                "es": [
                  "Miércoles"
                ]
              }
            }
          ],
          "schema:validFrom": "2025-08-02T00:00:00",
          "schema:validThrough": "2025-08-10T00:00:00",
          "@type": [
            "schema:OpeningHoursSpecification"
          ]
        }
      ],
      "@type": [
        "schema:Place",
        "Place"
      ]
    }
  ],
  "lastUpdate": "2025-07-22",
  "lastUpdateDatatourisme": "2025-07-28T08:50:37.43Z",
  "takesPlaceAt": [
    {
      "@id": "https://data.datatourisme.fr/97794b5a-b0bd-350c-9eb6-7e64f93c1e05",
      "@type": [
        "Period",
        "RecurrentPeriod"
      ],
      "appliesOnDay": [
        {
          "@id": "schema:Friday",
          "@type": [
            "schema:DayOfWeek"
          ],
          "rdfs:label": {
            "de": [
              "Freitag"
            ],
            "pt": [
              "Sexta-feira"
            ],
            "en": [
              "Friday"
            ],
            "it": [
              "Venerdì"
            ],
            "fr": [
              "Vendredi"
            ],
            "nl": [
              "Vrijdag"
            ],
            "es": [
              "Viernes"
            ]
          }
        },
        {
          "@id": "schema:Monday",
          "@type": [
            "schema:DayOfWeek"
          ],
          "rdfs:label": {
            "de": [
              "Montag"
            ],
            "pt": [
              "Segunda-feira"
            ],
            "en": [
              "Monday"
            ],
            "it": [
              "Lunedì"
            ],
            "fr": [
              "Lundi"
            ],
            "nl": [
              "Maandag"
            ],
            "es": [
              "Lunes"
            ]
          }
        },
        {
          "@id": "schema:Saturday",
          "@type": [
            "schema:DayOfWeek"
          ],
          "rdfs:label": {
            "de": [
              "Samstag"
            ],
            "pt": [
              "Sábado"
            ],
            "en": [
              "Saturday"
            ],
            "it": [
              "Sabato"
            ],
            "fr": [
              "Samedi"
            ],
            "nl": [
              "Zaterdag"
            ],
            "es": [
              "Sábado"
            ]
          }
        },
        {
          "@id": "schema:Sunday",
          "@type": [
            "schema:DayOfWeek"
          ],
          "rdfs:label": {
            "de": [
              "Sonntag"
            ],
            "pt": [
              "Domingo"
            ],
            "en": [
              "Sunday"
            ],
            "it": [
              "Domenica"
            ],
            "fr": [
              "Dimanche"
            ],
            "nl": [
              "Zondag"
            ],
            "es": [
              "Domingo"
            ]
          }
        },
        {
          "@id": "schema:Thursday",
          "@type": [
            "schema:DayOfWeek"
          ],
          "rdfs:label": {
            "de": [
              "Donnerstag"
            ],
            "pt": [
              "Quinta-feira"
            ],
            "en": [
              "Thursday"
            ],
            "it": [
              "Giovedì"
            ],
            "fr": [
              "Jeudi"
            ],
            "es": [
              "Jueves"
            ],
            "nl": [
              "Donderdag"
            ]
          }
        },
        {
          "@id": "schema:Tuesday",
          "@type": [
            "schema:DayOfWeek"
          ],
          "rdfs:label": {
            "de": [
              "Dienstag"
            ],
            "pt": [
              "Terça-feira"
            ],
            "en": [
              "Tuesday"
            ],
            "it": [
              "Martedì"
            ],
            "fr": [
              "Mardi"
            ],
            "es": [
              "Martes"
            ],
            "nl": [
              "Dinsdag"
            ]
          }
        },
        {
          "@id": "schema:Wednesday",
          "@type": [
            "schema:DayOfWeek"
          ],
          "rdfs:label": {
            "de": [
              "Mittwoch"
            ],
            "pt": [
              "Quarta-feira"
            ],
            "en": [
              "Wednesday"
            ],
            "it": [
              "Mercoledì"
            ],
            "fr": [
              "Mercredi"
            ],
            "nl": [
              "Woensdag"
            ],
            "es": [
              "Miércoles"
            ]
          }
        }
      ],
      "endDate": "2025-08-10",
      "startDate": "2025-08-02"
    }
  ]
}